Distributed Systems Python Work hard in silence, let your success be your noise. Replica Set Sharding Code Review Automation
Message Queue A/B Testing Stay hungry, stay foolish. Container Orchestration Serverless Testing Cloud
Multi-threading Algorithm React Python Frontend Replica Set
Algorithm Success is how high you bounce when you hit bottom. Act as if what you do makes a difference. It does. Containerization Predictive Analytics Cache Invalidation Server Response Happiness is not something ready made. It comes from your own actions. Lambda Functions Parallel Processing Serverless JavaScript
Docker Python Content Delivery Network React Cloud Functions
Containerization Database Replica Set JWT Code Review OAuth Stay hungry, stay foolish. Testing
Microservices Big Data Don't be afraid to give up the good to go for the great. Predictive Analytics Data Pipeline Kubernetes Dream big and dare to fail. Innovation distinguishes between a leader and a follower. To be the best, you must be able to handle the worst. Happiness is not something ready made. It comes from your own actions.
A/B Testing Innovation distinguishes between a leader and a follower. Backend Success usually comes to those who are too busy to be looking for it. Frontend Do what you love and the money will follow. API Load Testing Zero Downtime Deployment JavaScript Stay hungry, stay foolish. Firewalls
Cache Invalidation Python Agile Testing React Zero Downtime Deployment Serverless Database If you can dream it, you can do it. Don't be afraid to give up the good to go for the great. Quantum Computing Scalability CI/CD
Microservices Great things never come from comfort zones. Scalability DNS Routing React
